"","V1","V2"
"MB_428",4.0932295181344,0.687132156769141
"MB_1069",2.97489907197842,0.636051032038805
"MB_233",2.97057647940864,0.500847888685532
"MB_462",2.94048288303045,0.475441107928261
"MB_904",2.89095024938842,0.397201175927473
"MB_159",2.80599033951788,0.505075254350203
"MB_1141",2.80330540167791,0.365626750464319
"MB_112",2.754823546201,0.0424151218869797
"MB_1258",2.63914483949201,0.533153005942118
"MB_468",2.62114876688065,0.549091342415987
"MB_861",2.52809019413411,1.97390582970498
"MB_1323",2.5099144592183,0.915097712487901
"MB_844",2.49093048731707,0.695822426970596
"MB_1018",2.48204011117974,1.49292841810383
"MB_1174",2.43800521365904,0.136427244421424
"MB_642",2.40045032178092,0.107853898748178
"MB_731",2.3926227499148,0.551465270656583
"MB_688",2.3763354266086,1.26794336134061
"MB_1213",2.28826354630567,1.03665177146941
"MB_864",2.28719357278969,2.05644345335833
"MB_469",2.2848428403077,0.191728716659801
"MB_740",2.28013984751386,0.0189492873272138
"MB_437",2.25843414589789,1.29586425405368
"MB_157",2.25015607127015,1.68833611136582
"MB_836",2.24953905912027,0.973111169700678
"MB_291",2.24600523634726,0.878441579372384
"MB_485",2.23809609762893,0.83467797740978
"MB_16",2.17278795721458,0.885227592937727
"MB_901",2.1640060271615,0.345427008272787
"MB_69",2.15094929523033,0.236973439557067
"MB_769",2.14489566211478,0.22800473464673
"MB_5",2.14162931808115,0.509584188304446
"MB_1096",2.14083236569762,2.10641335265945
"MB_517",2.1379839311323,0.691360947347288
"MB_607",2.12890195424689,1.25229117018758
"MB_1342",2.12251235833422,1.84997665454573
"MB_1200",2.11160632479588,1.64189258357425
"MB_1329",2.10953947182831,0.675307222501503
"MB_600",2.1087732930481,0.76111800909748
"MB_414",2.10795457167155,1.59256160762842
"MB_1284",2.09652178904847,0.484053775755579
"MB_544",2.08431231290181,0.886229337572253
"MB_671",2.06449816860091,0.127495880618632
"MB_56",2.05577990858425,0.738163539554783
"MB_1021",2.05540485909394,1.41456033580265
"MB_971",2.03614468089102,1.58760440012609
"MB_7",2.01422164799106,0.514905313054324
"MB_1298",2.00663264537422,0.216573964434491
"MB_618",2.00157562008833,0.674633240189358
"MB_333",1.99691572516332,2.68479455369031
"MB_724",1.9927756893993,0.579329922405607
"MB_179",1.98967745715708,0.585491739222059
"MB_589",1.98501600126046,0.118577584655348
"MB_540",1.98492652488482,1.90212839959621
"MB_427",1.98239073583422,0.910447994291969
"MB_753",1.97090350403192,0.304816830472622
"MB_27",1.96682675918295,0.879986665983371
"MB_1334",1.96375826290936,1.43190596407956
"MB_417",1.96055620971316,1.74503851009605
"MB_566",1.96008020295931,1.74523370680181
"MB_535",1.94904834442795,0.742201251035819
"MB_1372",1.94283047437618,1.43253606800666
"MB_957",1.93613255211439,1.82962841006803
"MB_104",1.92158113025812,1.59130749216189
"MB_1370",1.91722277019098,0.591094227163611
"MB_456",1.91570696880928,1.70382221580345
"MB_283",1.91518861294893,1.90783570750058
"MB_286",1.91358731777189,0.307120303678758
"MB_97",1.9129289465052,0.65835747449179
"MB_739",1.89449923626957,1.61454054532554
"MB_814",1.88834251385444,0.739243227326571
"MB_840",1.88788413068508,0.324515687223363
"MB_829",1.88756719147055,0.443541015196879
"MB_1035",1.88613344591217,2.63891284627163
"MB_354",1.87283601752818,1.87698927374668
"MB_541",1.86490496554658,1.21105148701168
"MB_1205",1.85747891131126,2.52226009687275
"MB_426",1.85445762141581,0.87111004121796
"MB_1132",1.84974971382358,0.117561864250343
"MB_487",1.84919220567594,0.617626204126178
"MB_355",1.84556933278325,2.41701616043922
"MB_548",1.84287031942156,0.328886409052754
"MB_298",1.8427381038509,2.18741211770269
"MB_926",1.83878924689488,0.135871247823056
"MB_356",1.83021739575741,0.161486067867214
"MB_877",1.82878705837387,0.121937836345167
"MB_453",1.82597047609854,0.612753810046942
"MB_1145",1.82461771902577,0.637051794309258
"MB_710",1.82123119021323,1.65954875648068
"MB_339",1.81440310778324,1.43207887058591
"MB_782",1.81353230955662,0.440305553627896
"MB_418",1.81300164025045,0.427577299654578
"MB_393",1.81189524116286,0.856093988217796
"MB_398",1.80624313806673,0.27160667617087
"MB_760",1.79973634780745,1.02785142629212
"MB_326",1.7996081709254,0.56369303840876
"MB_302",1.79187183394304,0.878199067718374
"MB_1187",1.79150302172278,1.3215954288986
"MB_565",1.78697166400411,1.33275872125263
"MB_579",1.7867419294588,1.34052574051032
"MB_98",1.77740045150485,0.613078865478469
"MB_889",1.77010882271095,0.680554106037104
"MB_1332",1.76417460445865,0.219020350227111
"MB_756",1.76403325947298,0.068102801749233
"MB_1013",1.76333601340769,2.58261794139984
"MB_1302",1.76255606106993,0.765347978658756
"MB_128",1.76090444336622,0.864820139575279
"MB_86",1.75772390767394,0.294029643047466
"MB_869",1.75505220323289,0.547260938888245
"MB_267",1.74998152385374,1.01612475249798
"MB_1349",1.74357196430834,1.16553014394
"MB_22",1.73000404421164,0.25393639249561
"MB_960",1.72163090579804,0.0453679871274938
"MB_606",1.71415761370593,0.176535040688761
"MB_335",1.70980899804064,0.000609976883678448
"MB_1117",1.70242743400169,0.858484731783853
"MB_178",1.70156823769258,1.2755163776436
"MB_890",1.70004007035628,1.54305954450922
"MB_553",1.69828141620751,2.09060434654738
"MB_846",1.69494906234683,2.57997600382934
"MB_304",1.68915929630901,1.1231229300083
"MB_1271",1.67934070956354,0.334387716916812
"MB_969",1.6752363861795,0.566034065098912
"MB_338",1.6751621495167,0.980449362292138
"MB_1166",1.67463741917742,0.706044308482965
"MB_116",1.67129115722933,0.64335301951216
"MB_41",1.6703181196767,1.8765273800552
"MB_17",1.66771246590342,0.496992755792704
"MB_255",1.66703372394603,0.693326117409732
"MB_100",1.66631693243052,0.979068667204375
"MB_96",1.66400753725215,0.642111320621778
"MB_518",1.66364486148398,0.809459648423355
"MB_64",1.66269556806903,0.920347172915589
"MB_1067",1.66187882682187,0.0170559208774659
"MB_1206",1.66101178097937,2.48448175668084
"MB_58",1.66040579996722,1.30037810459421
"MB_460",1.6567029502915,0.754895780782348
"MB_404",1.6563257231331,2.31981235862805
"MB_171",1.65332867436443,0.150092249989847
"MB_1119",1.65254969417444,0.0847613632554768
"MB_729",1.65124722791518,0.555582765730705
"MB_72",1.65096881521623,0.96476610197609
"MB_1314",1.64796498475751,0.0397022429530217
"MB_1115",1.64765310849411,0.367667832001828
"MB_526",1.64735556068074,1.00504739387375
"MB_506",1.64707087219111,1.12211827815598
"MB_219",1.64488060851332,2.08021389790527
"MB_450",1.63991836152378,2.38551089900119
"MB_449",1.63152076978859,0.640783750424745
"MB_936",1.63055892490057,1.56245485499134
"MB_423",1.62792955891432,0.512506347336585
"MB_860",1.62231936194489,0.311217195280691
"MB_95",1.61853066209305,1.36350090589338
"MB_1167",1.61392265608676,0.394442578989165
"MB_362",1.60728528503891,0.42899891476615
"MB_1262",1.60501407420497,0.340983326018468
"MB_366",1.6045890958042,0.0924810206010801
"MB_1195",1.59283584847821,0.605882465469467
"MB_597",1.59029531785254,0.854328376342252
"MB_1012",1.58772500456087,0.121828183862584
"MB_235",1.58502729320746,1.64367115654991
"MB_375",1.58143766833286,0.122941848647198
"MB_741",1.5811449055953,0.319781483418383
"MB_1168",1.57369297938168,0.991886171711951
"MB_779",1.56844712357242,0.0428611553568017
"MB_927",1.56782570868188,1.18849656859547
"MB_932",1.56700968706697,1.8860900449997
"MB_995",1.56433741405806,2.73217663981167
"MB_921",1.56306918637881,1.02228196974635
"MB_942",1.56223707168248,0.55729988703457
"MB_50",1.56188254471267,0.262153315912162
"MB_783",1.56055592600187,1.22596071011289
"MB_185",1.55590836969966,0.292315911084166
"MB_611",1.55044752642065,1.43883256263839
"MB_1239",1.54743084547334,1.04053833107264
"MB_965",1.547231169485,0.881559157838833
"MB_884",1.54193559945135,0.284326278839767
"MB_32",1.54111577478852,0.277362112645964
"MB_1084",1.54020971385795,0.37940730733441
"MB_1221",1.53291408746392,1.84482587059796
"MB_571",1.5288092505693,1.16194067871052
"MB_310",1.51850377452974,2.07193522863937
"MB_681",1.51173469979876,0.312865191338844
"MB_703",1.50874885610327,0.0212494900683119
"MB_455",1.4997249843164,0.0898516575782055
"MB_1241",1.4954830056587,0.267084667967462
"MB_110",1.49148218347956,0.56134095353245
"MB_1238",1.49043051599572,1.21493244315391
"MB_121",1.48301342191177,0.703310467419727
"MB_1071",1.48180891464152,1.17438328199086
"MB_809",1.47649689405104,0.954295106572111
"MB_886",1.47642281064174,0.195878853153027
"MB_1066",1.47499560717335,0.0684651141270491
"MB_545",1.47485649476443,1.12627173287265
"MB_1116",1.47398338702959,0.303603388801306
"MB_1039",1.47305984290287,0.966791087313318
"MB_61",1.47261182163315,1.62034836908361
"MB_152",1.47220604715605,1.4637316012129
"MB_223",1.47212812519752,1.38758351709548
"MB_344",1.46403091638875,0.141672166332366
"MB_105",1.46320032572807,1.18303884737928
"MB_1344",1.45916373276977,0.151059406539189
"MB_990",1.45732279410596,1.81157430141973
"MB_632",1.45577376818351,1.26775975909585
"MB_1269",1.45504418052126,1.67844542393269
"MB_441",1.45330970873757,0.0236423253632333
"MB_570",1.45294894073828,0.627276461812954
"MB_546",1.44768115948258,0.492325076353414
"MB_816",1.4469228168781,1.50922825753114
"MB_1133",1.44528197432009,0.626606652906323
"MB_786",1.44518197958834,0.442599719838198
"MB_993",1.44037934745608,0.436564986963161
"MB_1098",1.4398100578309,1.24649678197743
"MB_33",1.43925759939149,1.04149062560438
"MB_1140",1.43885571110701,0.135335545336519
"MB_425",1.43818570467556,1.28045487577064
"MB_640",1.43722883238258,0.0229489770848495
"MB_28",1.42964853855584,1.5465058722848
"MB_686",1.42691994906788,1.11552290657078
"MB_1027",1.4251315129492,1.12433533088212
"MB_166",1.42373649214189,1.438404283654
"MB_672",1.41951769866257,0.664546860947376
"MB_742",1.41672406681445,1.46913387775894
"MB_15",1.41399037866205,0.197330501266164
"MB_6",1.41265545289176,0.0704663303057175
"MB_1227",1.41113107257264,0.572400596236524
"MB_612",1.40922174705744,1.00508329344761
"MB_177",1.40762538204328,0.52728571801412
"MB_789",1.40710023589624,1.30809871401805
"MB_1107",1.40471351373239,0.531884740488741
"MB_1103",1.40125485214321,1.22057306452234
"MB_1153",1.40122760060787,1.28527344405137
"MB_743",1.40108994379986,1.00082111088425
"MB_698",1.40058889933891,1.06966581475783
"MB_1144",1.39934690427103,0.271899651901368
"MB_290",1.39844111773705,0.551067782278044
"MB_1296",1.39775383221208,0.0340951759375629
"MB_622",1.39771681446845,1.50638331985221
"MB_717",1.39208045404597,2.14435834172263
"MB_832",1.3893952635567,0.593546671392075
"MB_945",1.38843612643161,0.151190872459703
"MB_519",1.37831381118856,0.165633462900385
"MB_1142",1.3777707158919,1.15498791919597
"MB_938",1.37767469595472,0.406992811790343
"MB_733",1.37638728750352,1.45807135207275
"MB_536",1.37580336836889,0.955311136641387
"MB_666",1.37566609054205,0.302094412215888
"MB_689",1.37480899328806,1.57953016297804
"MB_9",1.37298787311447,0.012625642864736
"MB_1165",1.3724963904243,0.0419341329896628
"MB_475",1.3717572274461,0.641112898870834
"MB_106",1.36947761278491,1.14864419016737
"MB_1325",1.36851145515837,0.152747778864921
"MB_595",1.36457160254773,0.499251292099082
"MB_1373",1.36383415274833,0.755655355925762
"MB_675",1.36276689126255,0.507653331974838
"MB_813",1.36076944131985,0.32813072016482
"MB_274",1.3590303087192,0.236265704786819
"MB_880",1.35623734892392,1.26968339489272
"MB_270",1.35332008520005,0.33614977879018
"MB_1276",1.35283024471622,1.47605321643576
"MB_985",1.34934611154272,1.20679918567722
"MB_1321",1.34850705133349,0.30023039828416
"MB_1294",1.3479893171819,0.767852073344833
"MB_748",1.34629303094173,1.47249999036968
"MB_18",1.34436806685623,0.372571735070697
"MB_664",1.34287273665745,0.75080851503918
"MB_663",1.34082369769014,0.738663161123892
"MB_187",1.33968825675886,1.10566708002799
"MB_943",1.337701655537,0.557070487814329
"MB_312",1.33579040077383,0.433745937814033
"MB_1355",1.33515111444785,1.09895953905869
"MB_1110",1.32758293021196,0.632923556658577
"MB_778",1.32744985049579,0.521836856384201
"MB_281",1.32716030309194,0.716249229641671
"MB_132",1.32653144717345,0.449734256098211
"MB_946",1.32384779841306,1.76370458054938
"MB_528",1.32219235068175,0.0705436599706713
"MB_1030",1.32187459227095,1.5765221406777
"MB_1053",1.31612845634089,0.444100171230312
"MB_956",1.30759563496191,0.544214843168045
"MB_661",1.30613276652798,1.88276756599741
"MB_325",1.30460141672906,0.938795646003565
"MB_1029",1.30403895866022,1.26314107599585
"MB_19",1.29534302731209,0.833729237110162
"MB_114",1.29237524379259,2.25540587021463
"MB_931",1.29200423620751,1.1346044163966
"MB_164",1.2910397559061,0.1148410482233
"MB_297",1.28999009580335,0.908311421013313
"MB_787",1.28693492806475,0.031249534989604
"MB_935",1.28672050164063,1.28718712630557
"MB_1005",1.28663653440395,1.68674549591251
"MB_410",1.2858885148155,0.733325132839687
"MB_237",1.28238369757699,1.11616627172508
"MB_1291",1.28107998179454,0.140572247095632
"MB_313",1.27755893515758,0.122627824071698
"MB_368",1.27605326051857,0.0840843013815344
"MB_527",1.27592308879337,0.116095070866704
"MB_384",1.27561543534193,0.848625105374583
"MB_582",1.27182708818632,1.04999812192621
"MB_624",1.26796845069313,0.428198453789393
"MB_649",1.25717082410708,1.17487639048291
"MB_473",1.25656488567393,1.93684542791735
"MB_988",1.25617122764821,1.29740980254986
"MB_1268",1.25593772864785,0.452216842883781
"MB_363",1.25094418623244,0.0688117781993944
"MB_785",1.24917656588939,0.541894315114045
"MB_929",1.24442352200721,0.667121312927462
"MB_388",1.24440991051728,0.443534619411665
"MB_881",1.24333625024741,0.120125380377492
"MB_982",1.24278718246914,0.940652250415132
"MB_1048",1.24218424189753,1.21259819969896
"MB_670",1.24103632973026,0.546501202993565
"MB_1194",1.23834827094144,0.598156703329598
"MB_596",1.23431571909506,0.264862550249405
"MB_370",1.23296383059742,0.235308373759003
"MB_258",1.22737572931674,0.126151485217849
"MB_915",1.22250845692773,1.24815583997308
"MB_1201",1.2216542048657,0.0517108106867168
"MB_87",1.21644740648136,0.695374189286808
"MB_138",1.21562029155411,1.34951406139753
"MB_1186",1.21527144515706,0.31948604573701
"MB_1223",1.21225659847226,0.949108030222976
"MB_1324",1.20177396665806,0.0526643723360802
"MB_1254",1.19882548075623,0.684586098708073
"MB_830",1.19736510999658,1.22080121290448
"MB_1209",1.19586406935632,1.46188039160807
"MB_635",1.19432895237485,1.18206263939041
"MB_1158",1.19174749073165,0.456476555346507
"MB_1078",1.19034996015492,0.00854295294699646
"MB_389",1.18789187946674,0.581266543685304
"MB_351",1.18787693209375,1.25076367699574
"MB_109",1.1842397196518,1.26379637771378
"MB_31",1.18151877073079,0.15087034740708
"MB_1218",1.1811066542702,0.231508189496073
"MB_1042",1.17787844003048,0.371568280499747
"MB_1198",1.17704732941024,1.60309644405571
"MB_1343",1.1758056909322,1.78070406247089
"MB_357",1.17564180459971,0.336661770579197
"MB_1151",1.17200107099454,0.34757805087756
"MB_687",1.17196575494912,1.66690308455236
"MB_433",1.17123382685045,0.142049257458389
"MB_1366",1.16908262901423,0.187958612377537
"MB_1095",1.1678021627668,0.797546188368167
"MB_1318",1.16549930134006,2.70093549910571
"MB_937",1.16547446636008,0.442808577730953
"MB_1249",1.16043009307946,1.99473430233448
"MB_265",1.16013409578461,2.10998025207083
"MB_327",1.15857022217575,0.0645386924741389
"MB_963",1.15710947816837,1.20686056604483
"MB_1283",1.15420374428881,0.622947467424286
"MB_758",1.15237480982469,0.45991911984323
"MB_1309",1.15183273132321,1.44293983838337
"MB_381",1.14837954059945,0.344047477615038
"MB_211",1.14807621847505,0.0591466521947223
"MB_252",1.14779913523942,1.3396352402015
"MB_236",1.14517311658282,1.46304109143308
"MB_1189",1.13967635476672,0.110517863644524
"MB_552",1.13947361331834,0.0998918736339933
"MB_973",1.1383037177135,0.606435062631642
"MB_1275",1.13797977151947,0.373507332041707
"MB_734",1.13729305697277,0.85888878216058
"MB_1224",1.1345466578109,0.748038159881235
"MB_1040",1.13423213626567,0.712263456323912
"MB_706",1.13153211005532,0.0387594868557379
"MB_887",1.12883945805958,0.554355546075542
"MB_872",1.12716708046679,0.252357805935053
"MB_467",1.12477608974995,0.3142534193835
"MB_220",1.12253357002336,0.119408284166153
"MB_1216",1.12207727848195,0.171044634032083
"MB_1058",1.12205872301234,1.1387424011177
"MB_967",1.12149635638092,1.74986846753912
"MB_1001",1.12070074187377,0.417158111540876
"MB_405",1.11815537204648,2.53804556571113
"MB_665",1.11230773817208,0.678788277388563
"MB_792",1.11154186731603,1.05174344667426
"MB_1274",1.10733419804632,0.564568683076491
"MB_205",1.1065217545225,1.35211714375092
"MB_1192",1.10561265724229,0.0614021385534146
"MB_644",1.10489389059337,0.276306836178843
"MB_1007",1.10456210181035,0.778051312712875
"MB_826",1.10349808454215,1.10678096181837
"MB_1054",1.10301768429223,0.273552273010133
"MB_1010",1.10276379707448,1.65282537713905
"MB_1146",1.09986583185008,1.19623664686399
"MB_103",1.09898560819966,0.00246219562870563
"MB_639",1.09602427870598,0.767223737435105
"MB_1087",1.09477866354472,0.0830538107195152
"MB_1023",1.09438756429917,0.522499094613505
"MB_438",1.09296712556986,0.853379649547402
"MB_978",1.0918710143498,0.974842182324669
"MB_446",1.09070774111255,0.532150486563563
"MB_1272",1.09018012373349,1.32635813031105
"MB_948",1.08864913395752,0.789821159301752
"MB_1226",1.08860006619063,0.371106779736573
"MB_1346",1.0882388442548,0.555101521817319
"MB_966",1.08783218505761,1.40402021802197
"MB_248",1.08760570480263,0.160359155504876
"MB_793",1.08181180837635,0.562900706903357
"MB_250",1.08028534629649,0.369424546680471
"MB_1177",1.08005790916537,0.169726933194285
"MB_240",1.07924904076133,0.448989171639468
"MB_1225",1.07316395484335,1.29952331463698
"MB_720",1.0729423883123,1.21734687487647
"MB_330",1.06876125458619,1.33581822683714
"MB_402",1.06798634225779,0.382287788965308
"MB_1138",1.06786126961142,1.90762458389709
"MB_810",1.06393873695376,0.612253055013241
"MB_668",1.05897064778931,0.551575417610659
"MB_549",1.05756531207046,0.213000513115072
"MB_189",1.05198927831235,0.11153842969563
"MB_584",1.049451780318,0.321959909487983
"MB_169",1.04756972992976,1.5473364743454
"MB_657",1.04742163838341,0.641392042511398
"MB_1354",1.04545126747076,0.326060564270785
"MB_214",1.04371271355916,0.84848781849047
"MB_1139",1.04133306600562,0.189590789453559
"MB_643",1.03993296649254,0.488567886193999
"MB_711",1.03775687475561,0.676036062662945
"MB_1356",1.0365357513914,0.344802259174753
"MB_653",1.03633564565408,1.60283221113828
"MB_1065",1.03480049012684,0.686243273723802
"MB_1229",1.03447536616168,0.822015549131067
"MB_1148",1.03174235423524,0.680778764634655
"MB_57",1.0312427225353,0.264175092656579
"MB_842",1.0308536683438,1.28407386951992
"MB_862",1.03079449375955,1.15837003539778
"MB_749",1.0303652757106,1.12897979279595
"MB_801",1.02972708599756,0.0621282971384339
"MB_992",1.02831017598641,0.0607788036259723
"MB_1068",1.0278517587191,3.06323789043521
"MB_647",1.02750738239132,0.264636333741472
"MB_1108",1.02640435339096,0.583515415043695
"MB_924",1.02552411873659,0.204777542318246
"MB_804",1.02462378611384,0.29748787114045
"MB_62",1.02394988576941,0.414408199432109
"MB_1105",1.02218966345128,1.07764953032004
"MB_332",1.02031470643488,0.238539571130088
"MB_411",1.01775958561072,1.84293266325852
"MB_1287",1.01479703877263,1.40386738904023
"MB_378",1.01317525186963,0.219148015077947
"MB_399",1.01270604673427,0.0466314241655877
"MB_176",1.01171703172744,0.408497675763036
"MB_44",1.01071900281935,0.239736544617821
"MB_1220",1.00923208834911,0.663533800323538
"MB_593",1.00576957758099,0.850535715098644
"MB_282",1.00504315462424,0.173246915950129
"MB_885",1.00492558890925,0.842719060967028
"MB_369",1.00322559267985,0.247974854128697
"MB_638",1.00285371733341,0.400004275348183
"MB_507",1.00162665179636,0.0154864340606443
"MB_650",0.991348030442693,0.118709355348573
"MB_259",0.989697686950771,0.341051258685056
"MB_436",0.989033853027397,0.948188605348194
"MB_605",0.985853151809304,0.489967930869628
"MB_158",0.9831894151679,0.0672539439582433
"MB_581",0.982930114344427,0.623946335198413
"MB_182",0.97944602283816,0.302879598616148
"MB_1265",0.979238104132911,0.521313246876751
"MB_364",0.97737720114909,0.0268649461012119
"MB_285",0.977200039079131,1.11213879632262
"MB_1077",0.976516786599937,0.486622556457203
"MB_1131",0.976391413340005,0.449882911069762
"MB_247",0.975820599033848,0.473645887518203
"MB_1136",0.975121831155119,1.81803524078027
"MB_908",0.975022648607422,0.724628607351978
"MB_1083",0.97270866936491,0.458615300185895
"MB_228",0.972084886304188,1.21372125544854
"MB_620",0.97124288226516,1.26741865769286
"MB_46",0.969731856648971,0.171603947177637
"MB_146",0.96878079678741,0.143313322294652
"MB_341",0.966904639996711,0.659909136246091
"MB_352",0.964839805757624,0.119263367513211
"MB_608",0.960988372318048,0.671401685457524
"MB_421",0.959825607904284,0.505016350812595
"MB_465",0.9594766092697,0.514682472275648
"MB_23",0.958053847645795,0.808375041503641
"MB_907",0.957693934062242,0.548263357945919
"MB_765",0.956234217353042,0.243688875878354
"MB_603",0.955704406015827,1.59089880341998
"MB_452",0.952790103094753,0.704700038880931
"MB_70",0.949938247531012,1.59157456084694
"MB_243",0.947565227549237,1.05383089237759
"MB_732",0.947466490041511,0.759428087476179
"MB_241",0.947446785881736,0.514749467910418
"MB_835",0.947410064464117,0.506892975905911
"MB_123",0.944613004186895,2.21909657195887
"MB_188",0.944602228109413,0.261642683966202
"MB_905",0.944570526710784,0.774510848363769
"MB_1281",0.943768932993951,0.290322780086822
"MB_127",0.943521295236358,0.760138599618155
"MB_807",0.942221714933607,0.100741447869767
"MB_196",0.940480570582208,1.71683204820292
"MB_448",0.935768776103273,0.419640803393278
"MB_277",0.933658811634242,0.312426021472929
"MB_774",0.932676529591548,0.153890262230986
"MB_1135",0.932552170213734,2.57568682973339
"MB_380",0.930114657196474,0.35241430859927
"MB_210",0.930034721627123,1.15112595778398
"MB_719",0.929188543297885,0.0483300039638176
"MB_26",0.927280967257463,1.89279398790284
"MB_891",0.926240433986124,0.229658070705796
"MB_348",0.923833411973109,0.604682733964083
"MB_625",0.922413851983798,0.260139499655366
"MB_502",0.922318958453327,0.169545175640242
"MB_271",0.919300512051456,0.695143366613876
"MB_481",0.918678912640378,0.259443679150892
"MB_1290",0.917556594477036,0.000698006835133469
"MB_346",0.916520168414297,1.28706879246605
"MB_199",0.916095418322518,0.191058698046002
"MB_193",0.914631190570046,0.596106800640551
"MB_1228",0.912244567990673,2.08038552229389
"MB_392",0.911336032101466,1.37652105685443
"MB_521",0.910930803918306,0.28522953940126
"MB_293",0.910243392368285,0.478646709461492
"MB_980",0.908886805296057,1.17713071919837
"MB_722",0.908473009764521,0.654435004801785
"MB_76",0.908269597716353,0.258057887498547
"MB_797",0.906485414001857,1.6202137769507
"MB_1246",0.902700196027005,0.198337839717001
"MB_986",0.902619300787411,1.58628614568737
"MB_92",0.901688345919417,1.20597007015145
"MB_899",0.900798301706348,1.48886984893396
"MB_21",0.897973027146528,0.702268335545526
"MB_746",0.897401041736093,0.396944622921066
"MB_395",0.896403460804411,0.202276323051921
"MB_674",0.895891004646344,1.04475885162622
"MB_569",0.894917580825169,0.217486310445397
"MB_794",0.893353551616348,1.31481151900032
"MB_1359",0.891342654315376,1.43598094265362
"MB_415",0.891040500380501,0.198515815144321
"MB_761",0.89074037850353,1.12131855662626
"MB_20",0.888154694469759,0.156529045017219
"MB_350",0.887225784262442,0.0289023800536726
"MB_989",0.886476422525747,1.14157378131424
"MB_819",0.885698923385742,0.487699731035937
"MB_424",0.882764609539691,1.26241431259567
"MB_875",0.880039013858242,3.48048046612188
"MB_305",0.877711894636456,0.885830704964805
"MB_1134",0.876099074602276,0.188787545622949
"MB_82",0.875849406298189,0.362678168431111
"MB_685",0.871672166741442,0.24903764481424
"MB_1104",0.870759149023183,0.52844390054425
"MB_1102",0.869680045269476,2.09649422362182
"MB_35",0.869494571514583,0.855900779275948
"MB_841",0.868355666970229,0.316373799075484
"MB_1182",0.867678974547691,1.66488823292607
"MB_181",0.86723458533918,0.367741034052648
"MB_295",0.867184292951897,1.25027530443698
"MB_1251",0.865212167558606,1.28553699868565
"MB_495",0.858986494392181,0.986025158230727
"MB_655",0.857000511290942,0.954251206694108
"MB_161",0.855368653872051,2.20330511948905
"MB_108",0.854867490383593,0.353457819900002
"MB_264",0.854367907323159,1.42646992123071
"MB_499",0.854173280834059,0.920301147441602
"MB_1154",0.853566711764483,0.0898869467075313
"MB_1364",0.853041133488748,0.618155476726446
"MB_896",0.852365899941742,1.05713507114844
"MB_150",0.849637911610193,0.748219572477271
"MB_568",0.848052583539135,0.94485916499057
"MB_543",0.845476124155637,1.36647165175096
"MB_403",0.844790011549232,0.552528202234793
"MB_180",0.84390751033353,0.605899708901344
"MB_407",0.84337187974667,0.126148050966094
"MB_48",0.841843705985401,1.30456015359058
"MB_759",0.841412350670469,0.400355110452542
"MB_1173",0.839415345712575,0.499653559581149
"MB_1320",0.836971812648355,1.50572407755448
"MB_808",0.83618326035285,0.994695399087259
"MB_562",0.835751249569741,1.37192042580089
"MB_634",0.835264437241762,1.2804318125435
"MB_497",0.83267060601913,0.906218799299189
"MB_1214",0.831923759899632,1.90908061401255
"MB_900",0.831618181594178,0.223066347739773
"MB_784",0.829949964727367,1.59752033244929
"MB_212",0.82976453875445,0.580649613962124
"MB_394",0.826742695525222,0.101829015076178
"MB_59",0.826641109992678,0.939223012174881
"MB_1315",0.825013583049541,0.0926865327435186
"MB_964",0.822727495509469,1.8557916829032
"MB_1330",0.82226842084277,0.946537350096265
"MB_1240",0.821749902813542,2.33834060132643
"MB_911",0.820719943711454,0.818246276284001
"MB_477",0.817695492471706,1.46062167098576
"MB_854",0.817630421732571,0.564368683410266
"MB_1122",0.816882569649038,0.068573324562447
"MB_238",0.809979593721703,0.988637901032214
"MB_292",0.809700942973851,0.706541011481464
"MB_852",0.809617988568438,0.0670046277052975
"MB_695",0.809001133741385,0.00765997135652519
"MB_788",0.807256859798672,0.82277417452208
"MB_592",0.806951150852887,1.2333643693398
"MB_1304",0.80650372258623,1.49299336322706
"MB_299",0.804708733504293,0.192575665354198
"MB_118",0.804656624132805,1.94178749332434
"MB_627",0.801861591420406,0.0542088677370732
"MB_917",0.799333079923141,0.357689663957386
"MB_1316",0.798488356248282,0.0313293018464123
"MB_249",0.798238865627924,0.807083846736859
"MB_1016",0.796941067630606,0.214968226179966
"MB_1156",0.796751237955456,0.221616026594081
"MB_850",0.796033268200156,0.996485730743171
"MB_246",0.795835819885943,0.330450568270224
"MB_321",0.795591385435651,0.996522323190426
"MB_714",0.795503961484367,1.21542705615586
"MB_1347",0.795374409462229,0.871538094576268
"MB_194",0.795095970517677,0.651195910112492
"MB_377",0.793592159050268,0.567416012881175
"MB_208",0.789988546828403,0.748280849266971
"MB_660",0.788724867835256,0.825263637094641
"MB_898",0.787292787284038,1.19235789092706
"MB_1075",0.786695130755299,0.221203130433666
"MB_40",0.783753674913525,0.294200200034936
"MB_1020",0.782953558457505,0.238792996438956
"MB_245",0.782298847996466,0.816642541761954
"MB_107",0.779193163953548,1.40017682958398
"MB_818",0.777112951176816,1.2317864213323
"MB_1169",0.770628433865333,0.507841358545264
"MB_154",0.769296676478904,1.27337537278041
"MB_870",0.769292258613471,0.899330739707499
"MB_1375",0.767928458705804,0.980334464738009
"MB_1190",0.767805034239459,0.0688523400320014
"MB_933",0.767748848208753,0.0734100911237218
"MB_1070",0.766729127382713,0.695317021602515
"MB_464",0.765973541275868,0.584834713465625
"MB_959",0.76254823724985,1.18558273692884
"MB_191",0.7601589791752,0.694211108654026
"MB_173",0.755880317595415,1.089424926574
"MB_1362",0.755609311315629,0.471954753286529
"MB_397",0.755025622931538,0.388930107607167
"MB_798",0.754009483847266,0.970257963384906
"MB_856",0.751677646755299,2.18931590079498
"MB_307",0.750591776398941,0.650975419890124
"MB_522",0.748742831827836,0.696078117701729
"MB_679",0.746863230354491,0.481410129288013
"MB_1193",0.746738580316191,0.147087277754817
"MB_420",0.745980564197072,1.19808960071031
"MB_136",0.745205325272846,0.668706059973929
"MB_918",0.744289683686688,1.58610795125251
"MB_170",0.741519313210021,1.44129469632078
"MB_1204",0.740757642294643,0.0751642601572849
"MB_501",0.739409633317335,0.285237891068241
"MB_542",0.737938603778557,0.810963045360753
"MB_523",0.737274446466196,0.00651163363354755
"MB_1255",0.734962999170801,0.6969285060366
"MB_599",0.733423980548868,1.00942633418695
"MB_231",0.732683382770068,0.889985253408347
"MB_1374",0.731466557505701,0.327175952351204
"MB_1348",0.730542858293027,0.534470517954399
"MB_1257",0.729551711402101,0.239238594071315
"MB_184",0.727883169415349,1.68537019715706
"MB_29",0.726625061471389,0.476394666589953
"MB_897",0.725239691355195,0.333585679771392
"MB_1147",0.725075052075919,0.400091050936218
"MB_525",0.722736425398637,0.53644441454587
"MB_207",0.721739492983615,0.467497128638657
"MB_811",0.718158919494573,0.851565785894188
"MB_800",0.716006137488156,0.195362107419062
"MB_646",0.71582023138553,0.182676940117435
"MB_1099",0.715411454336385,0.23970555678025
"MB_1250",0.7146465514332,0.284014159706743
"MB_1185",0.714014970126285,0.153295609258366
"MB_324",0.712525336282321,1.92015126446183
"MB_1015",0.712120997069067,0.495186942388576
"MB_871",0.711604434452153,0.240229240897273
"MB_511",0.710346240821267,0.238936003654566
"MB_278",0.710157705794375,1.01522018197431
"MB_716",0.709876578063819,1.04540617532912
"MB_827",0.709697618414749,0.212562862300926
"MB_131",0.708914287630741,1.28784149763561
"MB_930",0.708899240564024,0.527334059166536
"MB_400",0.707258937915937,1.13872114230971
"MB_63",0.707252015746645,0.298926198439366
"MB_1074",0.707076911370724,0.202952430699986
"MB_1279",0.70642940469665,0.215260156810132
"MB_1345",0.70554744785252,0.367664543720935
"MB_684",0.703830159425503,0.460964254579766
"MB_140",0.703610038133586,1.24731559193289
"MB_1259",0.698728705413409,1.15822840632058
"MB_641",0.697454015906299,0.452221988952936
"MB_1203",0.697405463827312,0.0363446728395826
"MB_172",0.696933652639965,0.783477854411783
"MB_482",0.696660196799808,0.712909403517963
"MB_36",0.692563378227917,0.491486788555027
"MB_256",0.691859331803048,1.39598937286408
"MB_509",0.691567492126517,1.544327923828
"MB_838",0.690616717028237,1.59373352540045
"MB_648",0.68997527203137,0.522420808608034
"MB_88",0.6892209967664,0.734263705556635
"MB_849",0.688762626653313,0.669185460701454
"MB_615",0.687747184020451,0.677097296603333
"MB_153",0.686584216618157,0.911201524783431
"MB_130",0.686181833597251,1.26640559576121
"MB_747",0.685380865115204,0.0224717919338675
"MB_1244",0.685181505905428,0.461863987497483
"MB_697",0.685153825332365,0.602780455912875
"MB_234",0.683082889607983,0.925204268717117
"MB_269",0.680896740043085,0.0315057728737494
"MB_678",0.680198577371461,0.590102292014711
"MB_702",0.679491463348912,0.995002838287667
"MB_230",0.67915133347649,1.58503637920325
"MB_451",0.678493674710885,1.90247310982345
"MB_470",0.678272688038511,0.122281555046547
"MB_1184",0.677519702436422,0.34016011973856
"MB_1253",0.676151252832708,0.536310611216394
"MB_386",0.675119273910763,0.680662123170169
"MB_280",0.672432106594589,1.62342748772239
"MB_167",0.66956551924283,0.209109841291362
"MB_531",0.669471968696723,0.769355748536562
"MB_863",0.666653941456322,0.187070876518108
"MB_309",0.666448075251717,0.154817722370352
"MB_371",0.665129690342133,0.517235883796585
"MB_983",0.66450118713091,0.107694951220571
"MB_558",0.66340791848844,0.724139799084712
"MB_316",0.663230609512924,1.48726222269634
"MB_895",0.66307491524073,1.65021223222359
"MB_705",0.662941691323926,1.3104624639992
"MB_662",0.662276366039429,0.0529895413602199
"MB_1159",0.661558174968383,0.448938758278284
"MB_822",0.661226540509755,1.43607690899115
"MB_1217",0.661093766554424,0.18402205313444
"MB_1183",0.660776096986742,0.18954213630411
"MB_539",0.658856812398712,1.10386649637699
"MB_1252",0.658670402579252,0.421966869950869
"MB_704",0.65745751133432,1.82158355851908
"MB_658",0.657294437953005,1.80025449597627
"MB_47",0.656579360815085,0.287499992334986
"MB_1341",0.65654720125197,0.172158821232023
"MB_912",0.656266567115132,0.812590479248314
"MB_802",0.655850252078809,0.0106319832752273
"MB_1263",0.65500656751985,0.643140389414884
"MB_263",0.654582102872905,1.40361384630589
"MB_221",0.654519851694773,0.847761704845801
"MB_337",0.652806029425698,0.174879411237864
"MB_994",0.650900404898625,0.859690932037096
"MB_824",0.649812057304079,1.40101059337911
"MB_909",0.649500227570799,0.0203086124288111
"MB_817",0.649352334636593,0.830501962957272
"MB_763",0.647404571601812,2.04698174683636
"MB_812",0.646556754861149,0.734271110479044
"MB_1150",0.646405406720989,0.94251019216678
"MB_554",0.646105160707417,0.012975498631316
"MB_1207",0.644989767120195,1.17795459503745
"MB_837",0.644989339551265,0.252217817793571
"MB_573",0.644441741085071,0.289848158939538
"MB_329",0.64415393265221,0.393456366033368
"MB_572",0.64194933902423,1.3780160862516
"MB_200",0.641714214323096,0.113715422987979
"MB_677",0.641344978038433,0.329937403344329
"MB_94",0.639187085307334,1.1049323932957
"MB_1076",0.638159616943811,0.606443955990314
"MB_700",0.637204406653868,0.597647102106394
"MB_488",0.637103289521076,1.93020229441308
"MB_198",0.636752968719784,0.238606756957176
"MB_3",0.6365566319946,2.30398054622186
"MB_790",0.63390517282109,0.5329691343817
"MB_67",0.633567695938972,0.0651571581444838
"MB_125",0.631346279582574,0.0410906241578688
"MB_947",0.629747540315569,2.07020309251617
"MB_1210",0.629522821725645,1.14757781854988
"MB_1307",0.629147481592185,1.19526194395393
"MB_1170",0.627049933938941,1.28408879471365
"MB_445",0.62597778545963,0.965905024614143
"MB_610",0.625653635004518,0.800439384958129
"MB_1017",0.625637092646987,0.185904727345705
"MB_631",0.623535698985269,1.11390691968459
"MB_474",0.623160375788683,0.769078263171323
"MB_866",0.622934789060587,2.14379366326335
"MB_1120",0.619289004686133,0.381377375310739
"MB_1049",0.619153142409418,0.202182814869638
"MB_242",0.617351843813051,0.806494538394602
"MB_505",0.616896415165669,0.511792535902936
"MB_81",0.616539288513511,2.00847651534678
"MB_1222",0.6160218972333,1.28717438900506
"MB_791",0.611973319634754,0.440404718966505
"MB_949",0.610463471977905,0.201751506969342
"MB_239",0.610026428347802,1.25623147282863
"MB_85",0.609068692270277,1.20855615777324
"MB_876",0.60776369539971,2.080273016832
"MB_781",0.606837048576966,0.332956756625978
"MB_1060",0.606426658988,0.741860734625751
"MB_803",0.605542213795621,0.903558449147741
"MB_1051",0.602115277788519,1.06576541501849
"MB_1014",0.600558099684601,0.763962472883442
"MB_413",0.59986584847971,1.30465604276027
"MB_574",0.599550508102591,2.03637443145101
"MB_613",0.596441814947696,0.441266443254101
"MB_390",0.596287949204401,0.402756440007449
"MB_1003",0.59600586534697,2.27515194064007
"MB_1129",0.595976283458448,0.0519898784920384
"MB_750",0.595161362077927,1.4282535360037
"MB_764",0.594389365105659,0.755162000555687
"MB_1285",0.593095425475951,1.19404230902212
"MB_859",0.592573448795605,0.369344373184213
"MB_777",0.592480973586202,1.28429094493399
"MB_1092",0.591058546671849,1.55195589832361
"MB_492",0.59050688118834,0.209934889310142
"MB_431",0.589609706821523,0.413111778206142
"MB_303",0.588197924212844,2.11839755372521
"MB_712",0.587260908965824,1.10967299884736
"MB_382",0.58469114144706,2.35437173080736
"MB_84",0.583602481703284,1.15918579134495
"MB_1338",0.582484909872305,1.75134152568782
"MB_1305",0.579065582362787,1.85072013715219
"MB_727",0.578786206335798,2.00135077822432
"MB_768",0.578315253878313,1.02988747548084
"MB_694",0.578163325831392,0.192502550780501
"MB_1301",0.577416821312644,0.101252929718797
"MB_564",0.573832969854899,0.670141121790328
"MB_567",0.572953895183034,0.0384630431155618
"MB_227",0.572396180733547,0.2654875170479
"MB_1073",0.571826352601269,0.942467150324938
"MB_55",0.570155899984862,0.937858318951887
"MB_343",0.569559214841058,0.728662277215326
"MB_776",0.569101704964093,0.849560594757049
"MB_42",0.568917473694944,0.0288663564026004
"MB_955",0.568666997223954,0.0770853567331041
"MB_461",0.568566385530864,1.10200199527542
"MB_1351",0.567313006296034,0.0472774703884065
"MB_530",0.566812290435601,1.53902697265148
"MB_1212",0.565103802606327,0.742869125859878
"MB_202",0.56456676130042,0.764516613284803
"MB_534",0.564092018419502,0.71762314030877
"MB_1377",0.563437777823004,0.0527300434598075
"MB_1046",0.561620028389306,1.70836789884957
"MB_590",0.557146183186553,1.22174796589329
"MB_892",0.556122335308854,1.01399474611097
"MB_75",0.555297930441197,1.40115052590497
"MB_254",0.552550918195071,0.154519573172866
"MB_1328",0.552170017917522,0.813692423529505
"MB_134",0.550683058582716,0.589521893911143
"MB_320",0.550575328921559,0.899963797933277
"MB_1335",0.549722290487085,0.0276333074728744
"MB_577",0.54911432404027,0.233054890647571
"MB_560",0.549036069509699,0.536003131355972
"MB_273",0.547974640089052,1.34186765853676
"MB_260",0.547312074259558,0.170089601456894
"MB_771",0.547091389315435,1.28098042791509
"MB_858",0.546826253554567,0.554598450548134
"MB_1289",0.546728168778874,0.243593082169046
"MB_1006",0.54601349115002,0.618069755873007
"MB_1033",0.545684063930517,1.91877759626019
"MB_489",0.545383392148882,0.645098741332482
"MB_1009",0.545216794873474,1.43491724319297
"MB_1064",0.544856475358414,0.0789907487593757
"MB_13",0.544221232814931,2.69459465296037
"MB_594",0.542960648311539,0.344418422277113
"MB_1113",0.54214012701568,2.08670360493616
"MB_586",0.541892483953112,0.274615638134328
"MB_119",0.541224797468093,1.02037777804831
"MB_857",0.540894635945724,0.331637886052402
"MB_691",0.540651548179876,0.600789710719878
"MB_893",0.539947715624225,0.540341784687611
"MB_1352",0.539745768942712,0.0969507429365483
"MB_1233",0.53955249082408,1.02755768532791
"MB_585",0.539491632161109,0.470757445428097
"MB_454",0.538686245343621,0.98899025741036
"MB_941",0.535420499739074,1.06648151614321
"MB_217",0.533090978604328,1.0809914699608
"MB_667",0.53280014727072,0.803242423252824
"MB_494",0.531180824788092,0.0758455970473858
"MB_726",0.52904036717764,0.211368081115559
"MB_52",0.527098677635918,0.0561789597836327
"MB_557",0.526994925444814,0.731800894213883
"MB_1331",0.526901494436323,1.03937565851148
"MB_563",0.52611499838132,0.619742538195665
"MB_923",0.525920411419828,0.408006888783205
"MB_288",0.525738565151571,1.04531546182347
"MB_1050",0.524714773154945,0.481906520531806
"MB_1303",0.524313101940322,1.62721443498578
"MB_883",0.522509989830242,0.503382050389577
"MB_609",0.522289738215881,0.135732969037284
"MB_1082",0.520575954019983,1.21560338053686
"MB_120",0.519978463351662,0.739254963912017
"MB_1100",0.519907536246875,1.41130268100112
"MB_148",0.5172195371825,0.741387729875676
"MB_920",0.516795260225303,0.042818667638152
"MB_213",0.516402897548737,1.69794969583558
"MB_953",0.51557900755561,1.42210744652252
"MB_987",0.515354621525934,0.837460294410477
"MB_53",0.514528599288744,1.6523862680709
"MB_1127",0.513483365771585,0.309623441406411
"MB_680",0.512882499676053,1.18495095991669
"MB_458",0.511513706710056,0.0703341082330008
"MB_1339",0.509642702470524,0.144958491195912
"MB_149",0.509384822470421,1.14964001533603
"MB_89",0.50666293401913,0.452356659967276
"MB_224",0.504897605075602,0.703724238554601
"MB_972",0.504312591734257,0.11184395642852
"MB_1162",0.504125799425838,0.771737509834262
"MB_999",0.502697255286638,0.0849151875105119
"MB_1236",0.502574871703627,1.93815056965391
"MB_1000",0.502291279102778,0.535764670318566
"MB_556",0.500714006795295,0.483207837609169
"MB_1208",0.497044889516527,0.390205678770258
"MB_216",0.495845689310819,1.84920513432327
"MB_961",0.494721540244688,1.23166508152925
"MB_1273",0.494044415907454,1.08159847665332
"MB_1094",0.492578699036843,0.583429957414408
"MB_486",0.491721380193154,0.692708739739029
"MB_1231",0.491254032890344,0.616635346806814
"MB_1261",0.489607715026425,0.508457886064976
"MB_147",0.489090475384171,1.09004629740231
"MB_780",0.488855872682258,1.04204864947211
"MB_463",0.488268722688875,0.632187766624834
"MB_360",0.483546184881441,0.0969594627944663
"MB_773",0.483461151926283,0.0240698147404573
"MB_699",0.482535636205156,0.397256356465959
"MB_1101",0.481864055825559,1.21547005485204
"MB_636",0.481810495087286,0.718996685417653
"MB_1340",0.480715396167302,0.727368797987623
"MB_1052",0.478806354843652,0.158183217596294
"MB_480",0.478179239519788,0.350939348875192
"MB_1230",0.477390535210708,0.138143589166527
"MB_459",0.476768571131644,0.780017799972904
"MB_537",0.475619691175149,0.181590615527476
"MB_225",0.47440850460651,0.57151904247283
"MB_968",0.47296188304044,1.17328465302053
"MB_529",0.471186996209039,1.1148514576823
"MB_1191",0.470002332591719,0.142610518663858
"MB_342",0.464209283468512,0.481710564070552
"MB_323",0.462877536279387,1.04533494166507
"MB_944",0.462564169905014,1.69660746020099
"MB_1157",0.462559164030414,1.47085462478717
"MB_101",0.460242439259111,0.143061102838728
"MB_408",0.459238796208997,2.6731671939134
"MB_591",0.455457764937897,1.66034064367331
"MB_102",0.455393595786139,0.257693107754252
"MB_623",0.453430542548842,1.87054980469203
"MB_1034",0.45151322646597,0.380764447646575
"MB_1176",0.451225890027819,0.272062860451461
"MB_515",0.449973188542384,2.05644502756478
"MB_709",0.449648131530535,2.14575336405856
"MB_2",0.449213067689091,0.260744848958642
"MB_43",0.447997086428551,0.300090695789711
"MB_652",0.445247753688052,1.5190798499737
"MB_319",0.445113140652251,0.436447644745505
"MB_192",0.44496845914293,0.667178541077495
"MB_1232",0.444924949212071,0.0782169887714704
"MB_974",0.444148538790582,0.21999996139006
"MB_500",0.443634830422483,0.938685235502581
"MB_1041",0.442902823413631,0.653582533174545
"MB_805",0.442863932784189,1.36704664778402
"MB_1326",0.442571120662449,0.298745391164554
"MB_1264",0.44229326750567,0.0509843470974788
"MB_1282",0.441044971404954,1.3659476090634
"MB_266",0.440723596958031,0.946623260868358
"MB_45",0.43680479813518,1.03393045364146
"MB_902",0.434764790444089,0.205518767355527
"MB_144",0.434556508591618,1.14219258786706
"MB_508",0.43414283453489,0.35504584389281
"MB_916",0.432886053468792,0.573917913891294
"MB_598",0.428000149589131,1.08195006898054
"MB_843",0.427821746234544,0.270578790330122
"MB_1243",0.426793559579441,1.18588375165954
"MB_300",0.426677646432305,1.26124396386292
"MB_1109",0.426007513167504,0.0205377313196922
"MB_576",0.424618333587912,0.324977828181615
"MB_1179",0.424179157844657,0.208412244487311
"MB_913",0.420547048934575,1.14844755390619
"MB_821",0.418497629163242,0.297635818029591
"MB_950",0.418133646770766,0.391407772665436
"MB_1202",0.413806421209225,0.146579844662407
"MB_162",0.411642367486381,0.497613930478495
"MB_512",0.411019928869213,0.413673664292608
"MB_601",0.409888644496378,0.523233708802123
"MB_30",0.409569915486465,0.0609867247429023
"MB_828",0.409462119212418,1.1586523665783
"MB_839",0.408984011354926,1.27526149228085
"MB_701",0.40707440851623,0.606425492671687
"MB_1197",0.406962211441542,1.51754228556189
"MB_997",0.405650384635613,0.211095314033268
"MB_1118",0.405331132392451,0.728153602323561
"MB_175",0.404034975029698,1.76549124549223
"MB_457",0.403423185126561,0.438263195392481
"MB_1313",0.400682728390277,0.951419105293349
"MB_65",0.400529517474843,1.48716142729865
"MB_133",0.397743801620276,0.729605874045888
"MB_1097",0.395483149583169,1.13001840725901
"MB_74",0.392091849244187,0.331751709827162
"MB_1123",0.390915354917755,0.292303290353123
"MB_1143",0.388138616804609,0.739472954050223
"MB_629",0.388014948896776,0.201824696102907
"MB_222",0.38684899291182,0.607298109469418
"MB_203",0.385763494625614,1.10923248232077
"MB_1299",0.383991722047171,1.19217061738914
"MB_1032",0.383801340682726,0.493775355800142
"MB_853",0.383236100341152,1.57873599921853
"MB_1121",0.382933819123895,1.01923402405944
"MB_54",0.382108160041526,1.95479726363178
"MB_1311",0.381485808340986,0.354152368606833
"MB_1172",0.38062694942136,0.915968311544807
"MB_939",0.380096418081847,1.92196458048856
"MB_334",0.378412498981382,0.218242690094129
"MB_279",0.37838994885447,0.0922258579706954
"MB_952",0.376756111361957,0.398659983706741
"MB_142",0.37623158890941,2.37187805292425
"MB_865",0.375728425508199,0.196014439842519
"MB_361",0.372583850369476,1.2029720692835
"MB_442",0.372023853570404,0.381422706688214
"MB_174",0.370407028376504,0.409522031868292
"MB_1124",0.370002794260153,0.422007694976078
"MB_195",0.369197677275092,1.77003421065587
"MB_868",0.368816967847879,1.21710467598678
"MB_1128",0.367849901062572,0.121093507737221
"MB_229",0.367043312571486,0.553309998992446
"MB_1336",0.365525985758091,2.02452913418579
"MB_93",0.363703667528653,0.826017928997028
"MB_429",0.363186852368635,1.48976739561617
"MB_715",0.359417135228619,1.28229003019204
"MB_1199",0.357881614539188,0.361158287529205
"MB_1367",0.357415444900257,0.209630682667291
"MB_906",0.356366567132834,2.24881733150089
"MB_757",0.35509348101792,0.742022015118985
"MB_940",0.353091370826044,0.352314656697552
"MB_690",0.352376192148394,0.133863362175703
"MB_38",0.349841405136562,0.413394026413584
"MB_775",0.348566719855526,0.81854042858789
"MB_626",0.348458964001423,0.524169514720112
"MB_1038",0.347355554665698,0.999262677365915
"MB_1215",0.347120637656515,1.78265748350676
"MB_12",0.347065983043623,0.204661489830454
"MB_1234",0.345904326403946,0.420247381343085
"MB_1055",0.345464453860611,0.751401147494411
"MB_996",0.343803529227948,1.19241940770479
"MB_367",0.343642669569508,0.180786516788752
"MB_1114",0.343497226294296,0.348969247653229
"MB_1164",0.342105133384199,0.511320644818812
"MB_766",0.341871183642376,1.82352672712038
"MB_478",0.340909669288439,0.317135874930157
"MB_580",0.340464361208816,0.276120692451135
"MB_60",0.339095163624654,0.211031112310867
"MB_257",0.337081899735565,0.444639369657325
"MB_873",0.336040943068283,1.32181279669026
"MB_183",0.335896855009407,1.62916569781579
"MB_1295",0.335836943819888,0.944033218680041
"MB_129",0.335004357710907,1.22308968890584
"MB_272",0.334236652857359,0.380460102379622
"MB_825",0.33418680254932,1.05597043518696
"MB_1086",0.333809133700643,0.750849817877907
"MB_654",0.333790301774642,0.613145085141335
"MB_847",0.328306256301203,0.103358721980606
"MB_218",0.327936063614533,0.93664964399903
"MB_707",0.327521999206914,0.249620727841984
"MB_14",0.327323991922883,1.39995345760897
"MB_879",0.323611225309336,0.958842768344283
"MB_1248",0.32335728757321,0.589282012110833
"MB_673",0.322457160623814,1.20276456545161
"MB_1256",0.322421429449572,0.21268177631856
"MB_155",0.319221731687953,1.72079802362974
"MB_8",0.318352045765659,0.0343044785200702
"MB_693",0.317276509911137,1.22227220487591
"MB_385",0.314212405747352,1.22379818624793
"MB_561",0.313913636814133,0.331860283421434
"MB_143",0.313907641536292,1.21353015736345
"MB_1371",0.309189078396256,1.01712979761948
"MB_559",0.308466427397954,0.50802842429224
"MB_723",0.308261854466345,0.462723334476552
"MB_1266",0.306974369169398,2.22027558227512
"MB_1278",0.306808923390866,0.383093768383835
"MB_160",0.306418644015134,0.79547438754652
"MB_122",0.304824498445677,0.0929335765197675
"MB_659",0.303201203653528,1.29782834276613
"MB_637",0.301407989985004,0.678982908685211
"MB_1089",0.299026788766831,0.235653956516786
"MB_1181",0.298141852188888,0.443766839211869
"MB_37",0.297417415477281,0.906208510635599
"MB_575",0.295921457732235,0.505751906949287
"MB_126",0.29539054387091,0.327200207134359
"MB_1149",0.295307853972484,2.02709463351155
"MB_1137",0.292363059926635,0.184761908425303
"MB_328",0.291797480985284,0.688089250784557
"MB_851",0.290788294137972,1.25092077335507
"MB_25",0.289857077363254,2.43659689798071
"MB_845",0.289336615275941,0.647325126389348
"MB_39",0.288335374168257,0.828444026847956
"MB_604",0.284835799011391,2.39980796107701
"MB_226",0.284427194452033,1.10187857612071
"MB_1312",0.28339546364023,0.415385525193645
"MB_1337",0.281532619241957,0.423895859502672
"MB_1247",0.28024265085267,1.55742657720229
"MB_435",0.279782824715688,1.9765515399469
"MB_730",0.278609137186785,1.2167177407773
"MB_209",0.275814787770479,0.700563904372282
"MB_419",0.274858992327131,0.941684884930126
"MB_117",0.272544110867843,0.178294279715838
"MB_443",0.271165274718288,0.829507323051519
"MB_1292",0.271031004238459,1.21139390566527
"MB_645",0.270793121815187,0.230770449951567
"MB_1093",0.270769446147053,0.638919275214684
"MB_11",0.269895048026979,1.02514069244937
"MB_1306",0.268564913596752,1.75139761194812
"MB_954",0.268207929737894,1.32789374122695
"MB_349",0.267882163618695,0.663407566410861
"MB_737",0.267070766397616,0.649098853752286
"MB_1353",0.266766238260371,1.03459091671773
"MB_379",0.265744618662401,1.78587846696957
"MB_1188",0.262206319826136,0.828323989857852
"MB_422",0.260851741619755,0.261308839766443
"MB_958",0.259325784350615,0.17174290884543
"MB_491",0.259292127995998,0.405526220080285
"MB_1004",0.257845851553412,0.317327462628654
"MB_1031",0.256540279218923,0.609459793831512
"MB_372",0.255761088730503,0.586446138869548
"MB_1260",0.254123277054588,0.168715937755815
"MB_416",0.253735134067148,0.69741126078441
"MB_538",0.253355633609127,1.00942225775223
"MB_1237",0.252772705908464,0.239507911928537
"MB_799",0.252311610499916,1.26447452782007
"MB_10",0.250937031260012,1.08811424853745
"MB_498",0.248591330093342,0.559522034510446
"MB_616",0.247710936080995,0.0387179974491643
"MB_588",0.247193318202241,0.704568478909589
"MB_970",0.246983609550979,0.817192873708592
"MB_51",0.246350638310643,0.977793077749066
"MB_823",0.245926752368478,0.437871700494157
"MB_306",0.245497839285055,0.208407578421064
"MB_141",0.243948804147185,0.797636143009458
"MB_1363",0.243608690506415,0.230079834846539
"MB_1319",0.241574488070805,1.07274781480569
"MB_867",0.240099128821794,0.610594178098884
"MB_806",0.239287601847169,0.519350682932922
"MB_201",0.233597221264853,1.39732546821068
"MB_434",0.231698434663682,0.154070450801944
"MB_796",0.230996722678773,0.148462114901749
"MB_1277",0.227211902182237,1.29664562637736
"MB_412",0.227012229126362,0.563045095580162
"MB_1358",0.226341107516187,0.979171772046371
"MB_1327",0.222512285865661,0.893327412452781
"MB_206",0.220984714924271,0.315733363057935
"MB_447",0.218774083625046,0.53312521662712
"MB_928",0.217969395396638,0.926568851189086
"MB_894",0.21717071938753,0.231233604505732
"MB_919",0.21681606203421,0.368384750199108
"MB_708",0.215935871763011,0.551637271283393
"MB_1310",0.21572622776808,0.884335454404527
"MB_962",0.215090562109355,0.531828430433609
"MB_770",0.215031329015558,0.587088785654541
"MB_262",0.214135471801159,0.881346314793542
"MB_1322",0.214060143009578,0.0622673437780679
"MB_1062",0.211613832822665,0.762910214937872
"MB_735",0.211556099391071,0.265422011945384
"MB_754",0.210586948402499,2.19366077106975
"MB_713",0.210407819574748,0.494221717871454
"MB_78",0.209796222158362,0.113701114618899
"MB_1235",0.208466007727192,0.912810042901382
"MB_1286",0.207275100975897,0.812361122313794
"MB_406",0.206595474552674,0.185217285468807
"MB_113",0.202863789512422,1.19691414220167
"MB_738",0.201182769470292,0.636209617932482
"MB_583",0.198107241683889,0.0728692782844319
"MB_493",0.197635376567765,0.111894169962954
"MB_831",0.196426176514893,0.617573968995259
"MB_1045",0.195008548775261,1.19598734314411
"MB_1022",0.192079667763143,2.11201064918251
"MB_115",0.190752990178061,0.0830846983010937
"MB_725",0.189771167346027,2.39371099576958
"MB_79",0.189477049893196,0.429969939004113
"MB_602",0.188766136301395,1.11763839253419
"MB_215",0.187984641790998,0.933755459943429
"MB_289",0.187934283819827,0.222121053552678
"MB_1056",0.187329187823463,0.538447283041602
"MB_1297",0.187289750162155,0.992092740352637
"MB_767",0.186817715592509,1.23910195024429
"MB_1160",0.186788404833968,0.0275571802059793
"MB_396",0.186058525064535,0.368889117492839
"MB_914",0.18290559633861,0.266017569053387
"MB_444",0.18214435452348,0.979640609258458
"MB_1090",0.181396801138978,0.770238967843024
"MB_991",0.180419246538257,0.503057075931469
"MB_77",0.180302498312632,0.776101561121518
"MB_910",0.17758845783226,1.42769215742282
"MB_165",0.176894754014977,0.819740799056096
"MB_49",0.176345251371744,2.26695014898034
"MB_1081",0.174085342675789,0.723316245490891
"MB_503",0.17311219287764,0.0731369067730977
"MB_1037",0.171672311630249,0.330243794405182
"MB_1178",0.171527844525711,0.878820227903573
"MB_331",0.170963042453237,0.140845429162416
"MB_578",0.170691132354716,0.628662995183056
"MB_744",0.170640672417622,0.318094730485653
"MB_1357",0.169016500274782,0.60560926489183
"MB_1288",0.169009259184252,0.010285615638271
"MB_1061",0.167665655248115,1.22413027838471
"MB_762",0.16718859173735,0.360397113945963
"MB_80",0.167160002693192,1.67610638995817
"MB_91",0.166027590760332,0.307031407239987
"MB_340",0.165242649689465,0.0423284613503969
"MB_903",0.165164205626795,0.550463550158052
"MB_317",0.16447716264895,0.54719949071642
"MB_1369",0.164279059759119,1.3304105141614
"MB_878",0.163855769414156,2.47292258717105
"MB_755",0.163562653015375,0.411462619499938
"MB_472",0.161605526904576,0.943314040274098
"MB_439",0.161576933172587,0.358531016488673
"MB_533",0.161404524028932,0.486814080585713
"MB_1011",0.161356993413192,1.75692751105507
"MB_197",0.160494889937992,2.18444066965416
"MB_66",0.159136396531919,0.000655628926586453
"MB_318",0.157705443936647,1.52978629584285
"MB_1059",0.156162610013381,1.90466233418032
"MB_373",0.155892523292974,1.38819843788612
"MB_514",0.15577283103342,2.10496154339437
"MB_1130",0.155498478649499,0.561433957609061
"MB_751",0.153066798738603,0.780863404701967
"MB_550",0.15287555955439,2.1781176337148
"MB_261",0.15184428152678,0.978867180016805
"MB_1180",0.151159742875855,0.154809513650496
"MB_34",0.151077768724823,1.00821017910282
"MB_1267",0.150883985987591,0.00052892302771138
"MB_1002",0.150184247003831,0.277746279402615
"MB_301",0.149957370599447,0.524109757741392
"MB_619",0.149298035670205,0.813663984245965
"MB_1026",0.148104247181328,1.12391991837805
"MB_669",0.14706800420922,0.847303050953115
"MB_479",0.144320044984801,0.220880895800159
"MB_315",0.143864881324236,1.39575302005966
"MB_1308",0.143520556280257,0.290750076770477
"MB_1044",0.1432664740842,0.00327087256017162
"MB_471",0.141601822201451,1.96677250156995
"MB_772",0.141315954923183,1.21574427771678
"MB_651",0.141282093230717,0.0509083746996418
"MB_186",0.139338456074728,1.43623899963914
"MB_204",0.139105733950601,0.254483873673927
"MB_1242",0.137630121163077,0.100786476718138
"MB_633",0.137609393949782,1.36894661375237
"MB_1088",0.137448914998104,0.280906112610432
"MB_232",0.137422162286305,0.301429052449745
"MB_848",0.136100402918266,1.39758006553591
"MB_145",0.135046809382141,0.360209745663959
"MB_551",0.134996950130909,0.231272878720294
"MB_1025",0.133172622299374,0.7399669204033
"MB_1155",0.132282789403567,1.75862712172138
"MB_1019",0.130119762778621,0.134244935159278
"MB_981",0.129927903398577,0.113014442900361
"MB_621",0.129563939348496,0.667229167592352
"MB_728",0.128321927258929,0.251746404632512
"MB_353",0.127892257638617,0.297832068131765
"MB_1361",0.127249985634726,0.200881258328028
"MB_1211",0.126214023291198,0.200546716881023
"MB_168",0.125755271165749,1.05017233821864
"MB_440",0.124667892427431,1.26962111954217
"MB_137",0.124503544431068,0.385835400958541
"MB_4",0.123552002497295,0.476886183668161
"MB_510",0.122829644433895,0.126430444961099
"MB_1270",0.121708859958524,0.173346682799359
"MB_83",0.120691969829137,0.509936591382947
"MB_1080",0.119923370152458,1.05507586788135
"MB_1112",0.116582926094515,1.73039221628124
"MB_977",0.116341141435275,0.829867458921686
"MB_516",0.11594333339379,0.376643732722771
"MB_1072",0.11508892348016,1.34166507607344
"MB_718",0.114701515197877,0.55488392319857
"MB_617",0.11361755710876,0.3803876846699
"MB_1043",0.113004382391884,1.03239762962237
"MB_322",0.112157632917176,1.03963796912686
"MB_1378",0.111831238835807,0.286001203045232
"MB_934",0.110624522963668,0.61784572562535
"MB_1079",0.108196608139434,2.453096580069
"MB_484",0.107444561717034,0.789919602135018
"MB_374",0.103132029976272,0.549558143623685
"MB_1317",0.101988243539806,0.581711861652332
"MB_630",0.101327176710357,0.579774435702913
"MB_347",0.100668099373686,0.192974832172269
"MB_156",0.100010883920458,0.842777736416786
"MB_163",0.0987851968656523,0.786822106307066
"MB_745",0.098109459915942,1.41869146230671
"MB_90",0.0979100568030643,0.456837657368834
"MB_752",0.0968978533563249,0.296927316414656
"MB_520",0.0965519411521173,0.421675945632652
"MB_1196",0.0953941198822075,0.0380673569055638
"MB_336",0.0952632729472537,0.867276143743059
"MB_73",0.0946992599041103,2.37439098382216
"MB_1091",0.0914698062877813,0.517982025625287
"MB_401",0.0911943758681932,1.61856102559586
"MB_1161",0.0907643522383907,0.0751086045904259
"MB_71",0.0906199534023853,1.97316899096321
"MB_244",0.0901216017175768,0.924585172074068
"MB_721",0.0893786671051758,1.57709521372336
"MB_345",0.0891981254051007,0.49209399263203
"MB_795",0.0890816504077425,1.94506753165083
"MB_139",0.087571994201853,2.48126090243838
"MB_1365",0.0872305621957118,0.403863853304396
"MB_855",0.0850984953332237,0.279210488120563
"MB_683",0.0835210866387446,1.22390593176568
"MB_151",0.0808907865710767,1.51417385177227
"MB_504",0.0803455383359363,0.037509395850741
"MB_614",0.0799323038402067,0.110878774342744
"MB_365",0.0796773218914231,0.232227577793064
"MB_696",0.0786833881087431,0.552663669129736
"MB_1245",0.0772722241906867,0.710797589598511
"MB_275",0.0770475953429964,0.125218023718881
"MB_124",0.075702805206736,0.505738006379624
"MB_111",0.0749236712591587,0.219219622189089
"MB_251",0.0747577956053673,0.0919265924046111
"MB_1085",0.0736737031013631,0.371354754167435
"MB_1333",0.0726136455508342,1.29954782976701
"MB_524",0.070386545876948,0.819965580745093
"MB_409",0.070307295380895,1.45899970021052
"MB_466",0.0698711851460323,1.36948963684754
"MB_682",0.0689780221822571,0.822643058117403
"MB_391",0.0677062254017514,0.499773503825994
"MB_834",0.0643494364068612,2.44004431200705
"MB_1293",0.063918438555131,0.193455675715736
"MB_1163",0.0616047439115041,0.960382288664797
"MB_1219",0.0614300534667851,0.3994353156217
"MB_1175",0.0610971387013597,0.172486287322365
"MB_1057",0.0606912429644693,0.610111059489183
"MB_268",0.0592343047347542,1.68424491056636
"MB_383",0.0589237226325063,0.410867419389469
"MB_1350",0.0588084720415032,0.111008535716353
"MB_676",0.0577740449637653,0.59107870721032
"MB_296",0.0569686822210302,0.226515357446315
"MB_490",0.0562986838294252,1.30674984615127
"MB_483",0.0549658508210759,0.442238371040558
"MB_975",0.0542070656324863,0.916004890353745
"MB_882",0.0515330360597963,0.407772794562328
"MB_308",0.0500908416672713,0.983072563188044
"MB_359",0.0499854437905084,0.825523579023218
"MB_311",0.0493531262760676,1.03425052670048
"MB_736",0.0486330917187052,0.380190266197284
"MB_432",0.0478646588521243,0.593995380445563
"MB_532",0.0469471356368341,0.868551608290512
"MB_628",0.0456280023667816,0.767658697030194
"MB_513",0.0453917484577019,0.423296475580873
"MB_1125",0.0452407381218362,0.343280332713118
"MB_998",0.0451384117767624,1.13394973740122
"MB_68",0.0448440474387871,0.277570659280302
"MB_314",0.043587223718879,0.150552964953965
"MB_820",0.0426872950130669,2.56955820550994
"MB_284",0.0416313616998076,0.423385282908935
"MB_1",0.0414042867059784,0.335433642885868
"MB_294",0.0392119197925379,1.27283932480156
"MB_476",0.0359145569443332,1.09141340271647
"MB_24",0.0349424602537827,0.165066885708467
"MB_496",0.0335433370399668,0.605883278981172
"MB_1171",0.031726748278886,0.223952885818555
"MB_925",0.0307674265283905,0.60986091253371
"MB_287",0.030600930334073,1.18116487714329
"MB_1028",0.0303135618799024,1.28870356005354
"MB_833",0.0300163024088251,0.0124875706342964
"MB_387",0.0289953902730945,1.5309489324148
"MB_253",0.0266746058300282,0.578536854834054
"MB_1047",0.0255595710506035,0.836124858519443
"MB_1111",0.024289827238022,0.0271738143807179
"MB_979",0.022631891616772,1.65411661433534
"MB_376",0.020096584015942,0.761104177686724
"MB_984",0.0197183116680519,1.52896342405144
"MB_951",0.0188879826763106,1.77229687931548
"MB_547",0.0187664856556076,0.238723989543773
"MB_587",0.0179095466845194,0.803861068840936
"MB_1106",0.0178182737240231,0.688538322415912
"MB_430",0.017802199965779,1.3192108246715
"MB_555",0.0168442496590558,0.637446366507211
"MB_1360",0.0161824466528123,0.272169246298532
"MB_1368",0.0155023385284508,0.541938867040582
"MB_1376",0.0154974918130166,0.621638127148727
"MB_922",0.0146305625689836,0.705457883855484
"MB_815",0.0143365132152402,1.37532761453329
"MB_135",0.0130481103785709,1.18906566839286
"MB_1280",0.00967760594504384,0.514085741661981
"MB_976",0.00958838750181916,0.283432131044327
"MB_874",0.00948287821174122,1.0304119689815
"MB_190",0.0094042883701095,1.0546705485936
"MB_1126",0.00893513396000946,0.178984363945484
"MB_1036",0.00858060036400766,0.16381889322751
"MB_656",0.00854112104949035,1.26191443132579
"MB_276",0.00794803125000996,1.65098510792071
"MB_1024",0.00704174278205348,1.551180976914
"MB_888",0.00641712391997194,0.0561079334785599
"MB_99",0.00641620382409376,0.473277026314166
"MB_1063",0.00619587303621917,0.213536505176404
"MB_358",0.00594295133676645,0.584969074998549
"MB_692",0.00582766530262442,0.0724936186338711
"MB_1300",0.00480464306560248,0.776011650628946
"MB_1008",0.00395327600800017,1.1850449055851
"MB_1152",0.00283798072374552,0.759741838941641
